Company,RSS Feed URL
Barco,"https://news.google.com/rss/search?q=""Barco"" (innovation+OR+HR+OR+production+OR+business+OR+strategy+OR+leadership+OR+sustainability+OR+ESG+OR+digital+transformation+OR+AI+OR+mergers+OR+acquisitions+OR+finance+OR+operations+OR+supply+chain+OR+management)&hl=en&gl=US&ceid=US:en"
Husky,"https://news.google.com/rss/search?q=""Husky"" (innovation+OR+HR+OR+production+OR+business+OR+strategy+OR+leadership+OR+sustainability+OR+ESG+OR+digital+transformation+OR+AI+OR+mergers+OR+acquisitions+OR+finance+OR+operations+OR+supply+chain+OR+management)&hl=en&gl=US&ceid=US:en"
SES,"https://news.google.com/rss/search?q=""SES"" (innovation+OR+HR+OR+production+OR+business+OR+strategy+OR+leadership+OR+sustainability+OR+ESG+OR+digital+transformation+OR+AI+OR+mergers+OR+acquisitions+OR+finance+OR+operations+OR+supply+chain+OR+management)&hl=en&gl=US&ceid=US:en"
Agfa Gevaert,"https://news.google.com/rss/search?q=""Agfa Gevaert"" (innovation+OR+HR+OR+production+OR+business+OR+strategy+OR+leadership+OR+sustainability+OR+ESG+OR+digital+transformation+OR+AI+OR+mergers+OR+acquisitions+OR+finance+OR+operations+OR+supply+chain+OR+management)&hl=en&gl=US&ceid=US:en"
Danone,"https://news.google.com/rss/search?q=""Danone"" (innovation+OR+HR+OR+production+OR+business+OR+strategy+OR+leadership+OR+sustainability+OR+ESG+OR+digital+transformation+OR+AI+OR+mergers+OR+acquisitions+OR+finance+OR+operations+OR+supply+chain+OR+management)&hl=en&gl=US&ceid=US:en"
Total,"https://news.google.com/rss/search?q=""Total"" (innovation+OR+HR+OR+production+OR+business+OR+strategy+OR+leadership+OR+sustainability+OR+ESG+OR+digital+transformation+OR+AI+OR+mergers+OR+acquisitions+OR+finance+OR+operations+OR+supply+chain+OR+management)&hl=en&gl=US&ceid=US:en"
IMEC,"https://news.google.com/rss/search?q=""IMEC"" (innovation+OR+HR+OR+production+OR+business+OR+strategy+OR+leadership+OR+sustainability+OR+ESG+OR+digital+transformation+OR+AI+OR+mergers+OR+acquisitions+OR+finance+OR+operations+OR+supply+chain+OR+management)&hl=en&gl=US&ceid=US:en"
Arval,"https://news.google.com/rss/search?q=""Arval"" (innovation+OR+HR+OR+production+OR+business+OR+strategy+OR+leadership+OR+sustainability+OR+ESG+OR+digital+transformation+OR+AI+OR+mergers+OR+acquisitions+OR+finance+OR+operations+OR+supply+chain+OR+management)&hl=en&gl=US&ceid=US:en"
Vinci,"https://news.google.com/rss/search?q=""Vinci"" (innovation+OR+HR+OR+production+OR+business+OR+strategy+OR+leadership+OR+sustainability+OR+ESG+OR+digital+transformation+OR+AI+OR+mergers+OR+acquisitions+OR+finance+OR+operations+OR+supply+chain+OR+management)&hl=en&gl=US&ceid=US:en"
Coca Cola,"https://news.google.com/rss/search?q=""Coca Cola"" (innovation+OR+HR+OR+production+OR+business+OR+strategy+OR+leadership+OR+sustainability+OR+ESG+OR+digital+transformation+OR+AI+OR+mergers+OR+acquisitions+OR+finance+OR+operations+OR+supply+chain+OR+management)&hl=en&gl=US&ceid=US:en"
Unilin,"https://news.google.com/rss/search?q=""Unilin"" (innovation+OR+HR+OR+production+OR+business+OR+strategy+OR+leadership+OR+sustainability+OR+ESG+OR+digital+transformation+OR+AI+OR+mergers+OR+acquisitions+OR+finance+OR+operations+OR+supply+chain+OR+management)&hl=en&gl=US&ceid=US:en"
Etex,"https://news.google.com/rss/search?q=""Etex"" (innovation+OR+HR+OR+production+OR+business+OR+strategy+OR+leadership+OR+sustainability+OR+ESG+OR+digital+transformation+OR+AI+OR+mergers+OR+acquisitions+OR+finance+OR+operations+OR+supply+chain+OR+management)&hl=en&gl=US&ceid=US:en"
Sodexo,"https://news.google.com/rss/search?q=""Sodexo"" (innovation+OR+HR+OR+production+OR+business+OR+strategy+OR+leadership+OR+sustainability+OR+ESG+OR+digital+transformation+OR+AI+OR+mergers+OR+acquisitions+OR+finance+OR+operations+OR+supply+chain+OR+management)&hl=en&gl=US&ceid=US:en"
Ontex,"https://news.google.com/rss/search?q=""Ontex"" (innovation+OR+HR+OR+production+OR+business+OR+strategy+OR+leadership+OR+sustainability+OR+ESG+OR+digital+transformation+OR+AI+OR+mergers+OR+acquisitions+OR+finance+OR+operations+OR+supply+chain+OR+management)&hl=en&gl=US&ceid=US:en"
Toyota,"https://news.google.com/rss/search?q=""Toyota"" (innovation+OR+HR+OR+production+OR+business+OR+strategy+OR+leadership+OR+sustainability+OR+ESG+OR+digital+transformation+OR+AI+OR+mergers+OR+acquisitions+OR+finance+OR+operations+OR+supply+chain+OR+management)&hl=en&gl=US&ceid=US:en"
